[{
  "_id": {
    "$oid": "629cb10ba417c43ee4647609"
  },
  "userId": "7YWgnMK3aY",
  "text": "I'll buy one if campus is accessible :)",
  "postHash": "Y9eVdd7p90CJ7l",
  "datetime": "2022-06-05T13:35:07.128Z",
  "username": "momotetsu_nene"
},{
  "_id": {
    "$oid": "629cb3b7aef8491ac34c9c4f"
  },
  "userId": "7YWgnMK3aY",
  "text": "Hopefully this comes really cheap given that it is 2nd generation.",
  "postHash": "eo2pQP9BE3CqWvJ",
  "datetime": "2022-06-05T13:46:31.938Z",
  "username": "momotetsu_nene"
},{
  "_id": {
    "$oid": "629d719fd8b3614f26d50ba6"
  },
  "userId": "9QoOG2nLvY",
  "text": "Will consider having this",
  "postHash": "ygPKp9WRNoHWg9",
  "datetime": "2022-06-06T03:16:47.595Z",
  "username": "dlsu"
},{
  "_id": {
    "$oid": "629da92e4296de2c7ecdfa15"
  },
  "userId": "y983WAJRJx",
  "text": "あああーめちゃかわいい！",
  "postHash": "Nj1v9brGREcgG7",
  "datetime": "2022-06-06T07:13:50.480Z",
  "username": "jmescalona_dlsu"
},{
  "_id": {
    "$oid": "629e0869b6ad30e4c148ff9f"
  },
  "userId": "ZP14Jw2BzY",
  "text": "こにちは先輩！",
  "postHash": "Nj1v9brGREcgG7",
  "datetime": "2022-06-06T14:00:09.200Z",
  "username": "kronii_ouro"
},{
  "_id": {
    "$oid": "62a09d9daf46eb5b791a784f"
  },
  "userId": "y983WAJRJx",
  "text": "I have yet to purchase the device, thus my presumptions about its performance and usability is based on paper.",
  "postHash": "OLJ0qDlwr5i323",
  "datetime": "2022-06-08T13:01:17.923Z",
  "username": "jmescalona_dlsu"
},{
  "_id": {
    "$oid": "62a09dcbaf46eb5b791a7852"
  },
  "userId": "y983WAJRJx",
  "text": "test comment to post",
  "postHash": "bERQ7w00oNF1L74",
  "datetime": "2022-06-08T13:02:03.606Z",
  "username": "jmescalona_dlsu"
},{
  "_id": {
    "$oid": "62a09e4fa718e0d0db1ce64f"
  },
  "userId": "y983WAJRJx",
  "text": "Sorry but I'll prefer the Macbook than this",
  "postHash": "7BX3QnlLzzsQxL",
  "datetime": "2022-06-08T13:04:15.967Z",
  "username": "jmescalona_dlsu"
},{
  "_id": {
    "$oid": "62a15c3146a3650e300bc638"
  },
  "userId": "xzDDAjlDOZ",
  "text": "きれいだね",
  "postHash": "Nj1v9brGREcgG7",
  "datetime": "2022-06-09T02:34:25.632Z",
  "username": "violet_evergarden"
}]