[{
  "_id": {
    "$oid": "629cb0d4a417c43ee4647608"
  },
  "userId": "7YWgnMK3aY",
  "postHash": "ygPKp9WRNoHWg9",
  "datetime": "2022-06-05T13:34:12.570Z"
},{
  "_id": {
    "$oid": "629cb3baaef8491ac34c9c50"
  },
  "userId": "7YWgnMK3aY",
  "postHash": "eo2pQP9BE3CqWvJ",
  "datetime": "2022-06-05T13:46:34.403Z"
},{
  "_id": {
    "$oid": "629d731823aaf0eb4419dfd9"
  },
  "userId": "9QoOG2nLvY",
  "postHash": "Y9eVdd7p90CJ7l",
  "datetime": "2022-06-06T03:23:04.089Z"
},{
  "_id": {
    "$oid": "629d731b23aaf0eb4419dfda"
  },
  "userId": "9QoOG2nLvY",
  "postHash": "eo2pQP9BE3CqWvJ",
  "datetime": "2022-06-06T03:23:07.194Z"
},{
  "_id": {
    "$oid": "629da7e39796b19cf6b27de2"
  },
  "userId": "9QoOG2nLvY",
  "postHash": "7BX3QnlLzzsQxL",
  "datetime": "2022-06-06T07:08:19.456Z"
},{
  "_id": {
    "$oid": "629da9024296de2c7ecdfa14"
  },
  "userId": "7YWgnMK3aY",
  "postHash": "Nj1v9brGREcgG7",
  "datetime": "2022-06-06T07:13:06.218Z"
},{
  "_id": {
    "$oid": "629da9344296de2c7ecdfa16"
  },
  "userId": "y983WAJRJx",
  "postHash": "Nj1v9brGREcgG7",
  "datetime": "2022-06-06T07:13:56.377Z"
},{
  "_id": {
    "$oid": "629de1f1c851e283878e44ed"
  },
  "userId": "9QoOG2nLvY",
  "postHash": "Nj1v9brGREcgG7",
  "datetime": "2022-06-06T11:16:01.003Z"
},{
  "_id": {
    "$oid": "629e09dd0d97ced45bf2d4b4"
  },
  "userId": "9QoOG2nLvY",
  "postHash": "mlPg7ezDRnFQJqb",
  "datetime": "2022-06-06T14:06:21.666Z"
},{
  "_id": {
    "$oid": "62a09dd8af46eb5b791a7853"
  },
  "userId": "y983WAJRJx",
  "postHash": "OLJ0qDlwr5i323",
  "datetime": "2022-06-08T13:02:16.860Z"
}]