[{"userId":"1","text":"Hi, this is a nice speaker!","postHash":"12345","datetime":"2022-05-31T04:26:30.532Z","username":"dlsu"},{"userId":"3","text":"A cheap phone, nice!","postHash":"42069","datetime":"2022-05-31T04:26:30.532Z","username":"skinner_thomas"},{"userId":"2","text":"I'd like to buy 1","postHash":"61619112","datetime":"2022-05-31T04:26:30.532Z","username":"dijkstra_boro"},{"userId":"3","text":"Take my moneyyyy","postHash":"61619111","datetime":"2022-05-31T04:26:30.532Z","username":"skinner_thomas"},{"userId":"4","text":"Ahhhhhh","postHash":"61619111","datetime":"2022-05-31T04:26:30.532Z","username":"morita_haruka"},{"userId":"5","text":"DLSU Animo Lasalle","postHash":"61619111","datetime":"2022-05-31T04:26:30.532Z","username":"bogomolov_natalya"},{"userId":"2","text":"Animo Lasalle","postHash":"61619112","datetime":"2022-05-31T04:26:30.532Z","username":"dijkstra_boro"},{"userId":"3","text":"WHOOOOOOO Finally!!!!","postHash":"61619112","datetime":"2022-05-31T04:26:30.532Z","username":"skinner_thomas"},{"userId":"3","text":"Time to beat the summer heat for my kids!","postHash":"74547","datetime":"2022-05-31T04:26:30.532Z","username":"skinner_thomas"},{"userId":"4","text":"Mine broke after just a few uses :(","postHash":"78695","datetime":"2022-05-31T04:26:30.532Z","username":"morita_haruka"},{"userId":"3","text":"The seller was rude when I was trying to place an order","postHash":"78695","datetime":"2022-05-31T04:26:30.532Z","username":"skinner_thomas"},{"userId":"5","text":"Just placed an order for this! TY","postHash":"16334","datetime":"2022-05-31T04:26:30.532Z","username":"bogomolov_natalya"},{"userId":"2","text":"Is this really better than the OG frying with oil???","postHash":"16334","datetime":"2022-05-31T04:26:30.532Z","username":"dijkstra_boro"},{"userId":"3","text":"Aw man, the black one is sold out...","postHash":"16334","datetime":"2022-05-31T04:26:30.532Z","username":"skinner_thomas"}]