[{"userId":"4","postHash":"10228","datetime":"2022-05-31T04:26:30.532Z"},{"userId":"3","postHash":"16181","datetime":"2022-05-31T04:26:30.532Z"},{"userId":"2","postHash":"08191","datetime":"2022-05-31T04:26:30.532Z"},{"userId":"2","postHash":"61619112","datetime":"2022-05-31T04:26:30.532Z"},{"userId":"1","postHash":"42069","datetime":"2022-05-31T04:26:30.532Z"},{"userId":"3","postHash":"42069","datetime":"2022-05-31T04:26:30.532Z"},{"userId":"2","postHash":"42069","datetime":"2022-05-31T04:26:30.532Z"}]