[{"userId":"2","description":"This is a Samsung A02 Phone","category":"Mobiles & Gadgets","label":"Samsung Store via Shopee Mall","link":"https://shopee.ph/Samsung-Galaxy-A22-5G-i.57465664.13101179266?sp_atk=d646e37a-e2ea-46ad-bcee-96f2edf3e9d2 & xptdk=d646e37a-e2ea-46ad-bcee-96f2edf3e9d2","imgurl":"/img/post/42069.webp","postHash":"42069","datetime":"2022-04-28T16:00:00.000Z","user":{"userId":"2","username":"dijkstra_boro","passhash":"51647164","email":"dijkstra.boro@mail.com","fname":"Boro","mname":"Vitek","lname":"Dijkstra","gender":"M","bio":"Food specialist. Music junkie. Reader. Professional tv fanatic. Introvert. Coffee aficionado. Bacon fan. Web advocate.","profilepic":"/img/dp/dijkstra_boro.webp"},"comments":[{"userId":"3","text":"A cheap phone, nice!","postHash":"42069","datetime":"2022-05-31T04:26:30.532Z","username":"skinner_thomas"}],"likes":3},{"userId":"4","description":"This is a JBL Go 2 Speaker Priced at ₱199 - ₱599","category":"Audio","label":"techplus_galaxy via Shopee","link":"https://shopee.ph/Original-JBL-GO-2-Portable-Wireless-Bluetooth-Speaker-Waterproof-Mini-Outdoor-Speakers-Sport-Bass-i.323538985.14170356872?sp_atk=a1909e3c-6d3e-4d79-afaa-fd232505f29c & xptdk=a1909e3c-6d3e-4d79-afaa-fd232505f29c","imgurl":"/img/post/12345.webp","postHash":"12345","datetime":"2022-04-19T16:00:00.000Z","user":{"userId":"4","username":"morita_haruka","passhash":"84123013","email":"morita.haruka@mail.com","fname":"Haruka","mname":"Yuzuki","lname":"Morita","gender":"F","bio":"Incurable bacon fan. Food nerd. Award-winning social media expert. Certified zombie maven. Friendly travel geek.","profilepic":"/img/dp/morita_haruka.webp"},"comments":[{"userId":"1","text":"Hi, this is a nice speaker!","postHash":"12345","datetime":"2022-05-31T04:26:30.532Z","username":"dlsu"}],"likes":0},{"userId":"5","description":"My go-to lip balm at only P200!","category":"Makeup & Fragrances","label":"Shopee Mall","link":"https://shopee.ph/Stained-Glossy-Balm-Pink-i.272491104.15215744268?sp_atk=c23cad31-d0c3-4697-99a0-a6ed79eaa9c3 & xptdk=c23cad31-d0c3-4697-99a0-a6ed79eaa9c3","imgurl":"/img/post/08191.webp","postHash":"08191","datetime":"2022-04-17T16:00:00.000Z","user":{"userId":"5","username":"bogomolov_natalya","passhash":"60418622","email":"bogomolov.natalya@mail.com","fname":"Natalya","mname":"Yulia","lname":"Bogomolov","gender":"F","bio":"Tv expert. Extreme reader. Pop culture geek. Bacon guru. General explorer. Student. Organizer.","profilepic":"/img/dp/bogomolov_natalya.webp"},"comments":[],"likes":1},{"userId":"3","description":"The cutest Ghibli stickers! Only P85 each","category":"Hobbies & Stationery","label":"Pomelo Paints Co on Shopee","link":"https://shopee.ph/Studio-Ghibli-(Totoro)-Inspired-Vinyl-Journal-Deco-Sticker-Sheet-pomelo-paints-co.-i.6630353.14848177754?xptdk=39ee076a-4724-4298-9c09-15f27d9384b7","imgurl":"/img/post/10228.webp","postHash":"10228","datetime":"2022-04-14T16:00:00.000Z","user":{"userId":"3","username":"skinner_thomas","passhash":"34907427","email":"skinner.thomas@mail.com","fname":"Thomas","mname":"Dwain","lname":"Skinner","gender":"M","bio":"Pop culture ninja. Coffee enthusiast. Evil introvert. Social media scholar. Unapologetic internet geek. Tv fan.","profilepic":"/img/dp/skinner_thomas.webp"},"comments":[],"likes":1},{"userId":"2","description":"For P1, 600, great quality and fun to use","category":"Mobiles & Gadgets","label":"ziepk shop via Shopee","link":"https://shopee.ph/Paperang-P1-Portable-Phone-Wireless-Connection-Paper-Printer-i.87773654.1508928633?sp_atk=405518e8-7d5e-4c01-85e0-288824bd895b & xptdk=405518e8-7d5e-4c01-85e0-288824bd895b","imgurl":"/img/post/78695.webp","postHash":"78695","datetime":"2022-04-13T16:00:00.000Z","user":{"userId":"2","username":"dijkstra_boro","passhash":"51647164","email":"dijkstra.boro@mail.com","fname":"Boro","mname":"Vitek","lname":"Dijkstra","gender":"M","bio":"Food specialist. Music junkie. Reader. Professional tv fanatic. Introvert. Coffee aficionado. Bacon fan. Web advocate.","profilepic":"/img/dp/dijkstra_boro.webp"},"comments":[{"userId":"4","text":"Mine broke after just a few uses :(","postHash":"78695","datetime":"2022-05-31T04:26:30.532Z","username":"morita_haruka"},{"userId":"3","text":"The seller was rude when I was trying to place an order","postHash":"78695","datetime":"2022-05-31T04:26:30.532Z","username":"skinner_thomas"}],"likes":0},{"userId":"3","description":"Ready to rock out with these Air Force 2. Best P370 spent.","category":"Men's Shoes","label":"Shopee","link":"https://shopee.ph/Air-Force-2-Running-Sneakers-shoes-For-Men-And-women-K55-i.49770780.4468970194?sp_atk=c11abc37-ad7e-43ed-9df0-66d1dfa4bf3c & xptdk=c11abc37-ad7e-43ed-9df0-66d1dfa4bf3c","imgurl":"/img/post/16181.webp","postHash":"16181","datetime":"2022-04-11T16:00:00.000Z","user":{"userId":"3","username":"skinner_thomas","passhash":"34907427","email":"skinner.thomas@mail.com","fname":"Thomas","mname":"Dwain","lname":"Skinner","gender":"M","bio":"Pop culture ninja. Coffee enthusiast. Evil introvert. Social media scholar. Unapologetic internet geek. Tv fan.","profilepic":"/img/dp/skinner_thomas.webp"},"comments":[],"likes":1},{"userId":"5","description":"Just in time for summer. Got this cute inflatable for just P30","category":"Sports & Travel","label":"micah.shop on Shopee","link":"https://shopee.ph/Spot-cartoon-single-layer-inflatable-swimming-ring-life-buoy-i.38222881.1797533401?sp_atk=4faffeab-fade-4652-9fca-1545b4356745 & xptdk=4faffeab-fade-4652-9fca-1545b4356745","imgurl":"/img/post/74547.webp","postHash":"74547","datetime":"2022-04-09T16:00:00.000Z","user":{"userId":"5","username":"bogomolov_natalya","passhash":"60418622","email":"bogomolov.natalya@mail.com","fname":"Natalya","mname":"Yulia","lname":"Bogomolov","gender":"F","bio":"Tv expert. Extreme reader. Pop culture geek. Bacon guru. General explorer. Student. Organizer.","profilepic":"/img/dp/bogomolov_natalya.webp"},"comments":[{"userId":"3","text":"Time to beat the summer heat for my kids!","postHash":"74547","datetime":"2022-05-31T04:26:30.532Z","username":"skinner_thomas"}],"likes":0},{"userId":"4","description":"This air fryer never disappoints. Got this for P1, 300","category":"HomeAppliances","label":"electronicdigtal on Shopee","link":"https://shopee.ph/Air-fryer-6.5L-4.5L15L-Touch-screen-multifunction-fully-automatic-Frying-pan-kitchen-appliances-oven-i.426804848.8948486646?sp_atk=57ca0368-3045-42ac-999e-3d6a64ee4652 & xptdk=57ca0368-3045-42ac-999e-3d6a64ee4652","imgurl":"/img/post/16334.webp","postHash":"16334","datetime":"2022-04-09T16:00:00.000Z","user":{"userId":"4","username":"morita_haruka","passhash":"84123013","email":"morita.haruka@mail.com","fname":"Haruka","mname":"Yuzuki","lname":"Morita","gender":"F","bio":"Incurable bacon fan. Food nerd. Award-winning social media expert. Certified zombie maven. Friendly travel geek.","profilepic":"/img/dp/morita_haruka.webp"},"comments":[{"userId":"5","text":"Just placed an order for this! TY","postHash":"16334","datetime":"2022-05-31T04:26:30.532Z","username":"bogomolov_natalya"},{"userId":"2","text":"Is this really better than the OG frying with oil???","postHash":"16334","datetime":"2022-05-31T04:26:30.532Z","username":"dijkstra_boro"},{"userId":"3","text":"Aw man, the black one is sold out...","postHash":"16334","datetime":"2022-05-31T04:26:30.532Z","username":"skinner_thomas"}],"likes":0},{"userId":"1","description":"Get your latest Team DLSU Merch at SCHOOLSPIRIT from Shopee for just P450","category":"Men's Apparel","label":"shoolspirit on Shopee","link":"https://shopee.ph/La-Salle-Team-DLSU-Shirt-(Unisex)-i.110479407.14750117688?sp_atk=368b0794-f747-4e2b-8edc-bd1475f1646b & xptdk=368b0794-f747-4e2b-8edc-bd1475f1646b","imgurl":"/img/post/61619111.webp","postHash":"61619111","datetime":"2021-06-18T16:00:00.000Z","user":{"userId":"1","username":"dlsu","passhash":"237392540","email":"dlsu@mail.com","fname":"De La Salle","mname":"University","lname":"Manila","gender":"M","bio":"Animo La Salle","profilepic":"/img/dp/dlsu_dp.webp"},"comments":[{"userId":"3","text":"Take my moneyyyy","postHash":"61619111","datetime":"2022-05-31T04:26:30.532Z","username":"skinner_thomas"},{"userId":"4","text":"Ahhhhhh","postHash":"61619111","datetime":"2022-05-31T04:26:30.532Z","username":"morita_haruka"},{"userId":"5","text":"DLSU Animo Lasalle","postHash":"61619111","datetime":"2022-05-31T04:26:30.532Z","username":"bogomolov_natalya"}],"likes":0},{"userId":"1","description":"Get your latest Green Stallions Merch at EpicClothingWear from Shopee for just P450","category":"Men's Apparel","label":"EpicClothingWear on Shopee","link":"https://shopee.ph/DE-LA-SALLE-UNIVERSITY-SHIRT-i.58444376.1375379701","imgurl":"/img/post/61619112.webp","postHash":"61619112","datetime":"2020-06-18T16:00:00.000Z","user":{"userId":"1","username":"dlsu","passhash":"237392540","email":"dlsu@mail.com","fname":"De La Salle","mname":"University","lname":"Manila","gender":"M","bio":"Animo La Salle","profilepic":"/img/dp/dlsu_dp.webp"},"comments":[{"userId":"2","text":"I'd like to buy 1","postHash":"61619112","datetime":"2022-05-31T04:26:30.532Z","username":"dijkstra_boro"},{"userId":"2","text":"Animo Lasalle","postHash":"61619112","datetime":"2022-05-31T04:26:30.532Z","username":"dijkstra_boro"},{"userId":"3","text":"WHOOOOOOO Finally!!!!","postHash":"61619112","datetime":"2022-05-31T04:26:30.532Z","username":"skinner_thomas"}],"likes":1}]