[{"userId":"1","username":"dlsu","passhash":"237392540","email":"dlsu@mail.com","fname":"De La Salle","mname":"University","lname":"Manila","gender":"M","bio":"Animo La Salle","profilepic":"/img/dp/dlsu_dp.webp"},{"userId":"2","username":"dijkstra_boro","passhash":"51647164","email":"dijkstra.boro@mail.com","fname":"Boro","mname":"Vitek","lname":"Dijkstra","gender":"M","bio":"Food specialist. Music junkie. Reader. Professional tv fanatic. Introvert. Coffee aficionado. Bacon fan. Web advocate.","profilepic":"/img/dp/dijkstra_boro.webp"},{"userId":"3","username":"skinner_thomas","passhash":"34907427","email":"skinner.thomas@mail.com","fname":"Thomas","mname":"Dwain","lname":"Skinner","gender":"M","bio":"Pop culture ninja. Coffee enthusiast. Evil introvert. Social media scholar. Unapologetic internet geek. Tv fan.","profilepic":"/img/dp/skinner_thomas.webp"},{"userId":"4","username":"morita_haruka","passhash":"84123013","email":"morita.haruka@mail.com","fname":"Haruka","mname":"Yuzuki","lname":"Morita","gender":"F","bio":"Incurable bacon fan. Food nerd. Award-winning social media expert. Certified zombie maven. Friendly travel geek.","profilepic":"/img/dp/morita_haruka.webp"},{"userId":"5","username":"bogomolov_natalya","passhash":"60418622","email":"bogomolov.natalya@mail.com","fname":"Natalya","mname":"Yulia","lname":"Bogomolov","gender":"F","bio":"Tv expert. Extreme reader. Pop culture geek. Bacon guru. General explorer. Student. Organizer.","profilepic":"/img/dp/bogomolov_natalya.webp"}]